# Netlify重定向规则
# 文档: https://docs.netlify.com/routing/redirects/

# ====================
# 1. 强制HTTPS重定向
# ====================
# 将所有HTTP流量重定向到HTTPS（强制，不可覆盖）
http://friday-go.icu/* https://friday-go.icu/:splat 301!
http://game.friday-go.icu/* https://game.friday-go.icu/:splat 301!
http://nav.friday-go.icu/* https://nav.friday-go.icu/:splat 301!
http://pnav.friday-go.icu/* https://pnav.friday-go.icu/:splat 301!
http://miao.friday-go.icu/* https://miao.friday-go.icu/:splat 301!

# ====================
# 2. 404页面重定向 (2025-12-14 更新)
# ====================
# 旧的爬虫JS逆向文章 - 已移动到 /data/automation/
/爬虫JS逆向Webpack技巧记录.html /data/automation/爬虫JS逆向Webpack技巧记录 301
/爬虫JS逆向Webpack技巧记录 /data/automation/爬虫JS逆向Webpack技巧记录 301

# 旧的分类页面（categories）- 重定向到对应目录
/categories/工具/ /Tools/ 301
/categories/工具 /Tools/ 301
/categories/golang/ /dev/backend/golang/ 301
/categories/golang/index.html /dev/backend/golang/ 301
/categories/golang /dev/backend/golang/ 301
/categories/php/ /dev/backend/php/ 301
/categories/php /dev/backend/php/ 301
/categories/经验/ / 301
/categories/经验 / 301

# 旧的归档页面 - 重定向到首页
/archives/ / 301
/archives / 301

# 旧的友链页面 - 重定向到联系页面
/links/ /contact 301
/links /contact 301

# Wails 教程系列重定向
/wails-tutorial-series /dev/backend/wails-tutorial-series/ 301
/wails-tutorial-series/ /dev/backend/wails-tutorial-series/ 301
/wails-tutorial-series/* /dev/backend/wails-tutorial-series/:splat 301

# Golang 文章重定向
/golang/Go-CLI-Utility-Development-Practice* /dev/backend/golang/Create Go App CLI 一款快速创建golang项目的工具 301
/golang/mastering-go-testing-advanced-techniques* /dev/backend/golang/Go-testing-synctest-深度解析与实战指南 301
/golang/Quick-Start-to-MCP-Server-Development-in-VSCode* /dev/backend/golang/VS Code 中 MCP 服务器的开发者快速入门 301
/golang/Go-Develop-Terminal-Tools* /dev/backend/golang/Go 开发终端小工具 301
/golang/Golang实现RAG系统-从OpenAI到向量数据库 /dev/backend/golang/Golang实现RAG系统-从OpenAI到向量数据库 301
/golang/Golang实现RAG系统-从OpenAI到向量数据库* /dev/backend/golang/Golang实现RAG系统-从OpenAI到向量数据库 301

# 工具目录重定向（中文路径 -> 英文路径）
/工具/Arc 浏览器更符合开发者 /Tools/Arc 浏览器更符合开发者 301
/工具/* /Tools/:splat 301

# PHP 文章重定向（多语言路径）
/zh/php/ThinkPHP-20-Years-of-Chinese-Web-Development /dev/backend/php/ThinkPHP近20年-中国Web开发的时代印记 301
/zh/php/ThinkPHP-20-Years-of-Chinese-Web-Development* /dev/backend/php/ThinkPHP近20年-中国Web开发的时代印记 301

# 数据库文章重定向
/zh/数据库/PostgreSQL-10个鲜为人知的强大功能* /dev/system/database/PostgreSQL-10个鲜为人知的强大功能 301

# HTML 扩展名重定向（放在最后，作为兜底规则）
/*.html /:splat 301
# ====================
# 3. 中文URL重定向到英文URL
# ====================
# 数据库相关
/数据库/MySQL配置文件解析 /database/MySQL-Configuration-File-Analysis.html 301

# PHP相关
/php/Redis配置文件详解 /php/Redis-Configuration-File-Explanation.html 301
/php/Laravel-admin特殊路由操作 /php/Laravel-admin-Special-Routing-Operations.html 301
/php/Laravel-Carbon-类使用 /php/Laravel-Carbon-Class-Usage.html 301

# Golang相关
/golang/提速利器：使用Go语言实现静态化API /golang/Speed-Boost-Static-API-with-Golang.html 301
/golang/深入Go内存分配 /golang/Deep-Dive-Go-Memory-Allocation.html 301

# ====================
# 4. 工具页面重定向
# ====================
# HTTP版本的工具页面重定向到HTTPS
http://friday-go.icu/Tools/* https://friday-go.icu/Tools/:splat 301!

# ====================
# 5. 带参数的URL处理
# ====================
# 标签页面重定向到主页（可选：根据具体需求调整）
/?tag=* / 301
/?type=* / 301
/?category=* / 301

# ====================
# 6. 自定义404页面
# ====================
# 所有未匹配的请求显示404页面
/* /404.html 404
